<?xml version="1.0" encoding="utf-8"?>

<!--
<shape xmlns:android="http://schemas.android.com/apk/res/android"
    android:shape="rectangle" android:padding = "10dp">
    <solid android:color="#FFFFFFFF" />

    <stroke android:width="0.7dp" android:color="#404040" />
    <padding    android:bottom="0.01dp" />
    &lt;!&ndash;<stroke android:width="2dp" android:color="#00FFFFFF" />&ndash;&gt;
</shape>-->
<layer-list xmlns:android="http://schemas.android.com/apk/res/android">
    <item>
        <shape android:shape="rectangle">
            <solid android:color="#404040" />
        </shape>
    </item>
    <item android:bottom="1dp">
        <shape android:shape="rectangle">
            <solid android:color="#FFFFFFFF" />
        </shape>
    </item>
</layer-list>
